Detailed Statistics Departures  ,,,,,,,,,,,,,,,,,,,,,,,,,,,,,
Origin Airport El Paso, TX El Paso International (ELP),,,,,,,,,,,,,,,,,,,,,,,,,,,,
Airline Frontier Airlines Inc. (F9),,,,,,,,,,,,,,,,,,,,,,,,,,,,,
Month(s) January, February, March, April, May, June, July, August, September, October, November, and December,,,,,,,,,,,,,,,,,,
Day(s) 1,2,3,4,5,6,7,8,9,10,11,12,13,14,15,16,17,18,19,20,21,22,23,24,25,26,27,28,29, 30 and 31
Year(s) 2019, 2020 and 2021,,,,,,,,,,,,,,,,,,,,,,,,,,,,
,,,,,,,,,,,,,,,,,,,,,,,,,,,,,
Carrier Code,Date (MM/DD/YYYY),Flight Number,Tail Number,Destination Airport,Scheduled departure time,Actual departure time,Scheduled elapsed time (Minutes),Actual elapsed time (Minutes),Departure delay (Minutes),Wheels-off time,Taxi-Out time (Minutes),Delay Carrier (Minutes),Delay Weather (Minutes),Delay National Aviation System (Minutes),Delay Security (Minutes),Delay Late Aircraft Arrival (Minutes),,,,,,,,,,,,,
F9,1/2/19,382,N207FR,DEN,1105,1108,110,108,3,1120,12,0,0,0,0,0,,,,,,,,,,,,,
F9,1/5/19,382,N227FR,DEN,1105,1100,110,105,-5,1114,14,0,0,0,0,0,,,,,,,,,,,,,
F9,1/9/19,382,N206FR,DEN,1105,1056,110,95,-9,1108,12,0,0,0,0,0,,,,,,,,,,,,,
F9,1/12/19,382,N341FR,DEN,1105,1107,110,100,2,1118,11,0,0,0,0,0,,,,,,,,,,,,,
F9,1/16/19,382,N207FR,DEN,1105,1104,110,98,-1,1116,12,0,0,0,0,0,,,,,,,,,,,,,
F9,1/19/19,382,N322FR,DEN,1105,1058,110,126,-7,1118,20,0,0,0,0,0,,,,,,,,,,,,,
F9,1/23/19,382,N206FR,DEN,1105,1109,110,113,4,1119,10,0,0,0,0,0,,,,,,,,,,,,,
F9,1/26/19,382,N313FR,DEN,1105,1151,110,129,46,1217,26,0,0,19,0,46,,,,,,,,,,,,,
F9,1/30/19,382,N339FR,DEN,1105,1132,110,115,27,1144,12,10,0,5,0,17,,,,,,,,,,,,,
F9,2/2/19,382,N227FR,DEN,1105,1117,110,99,12,1127,10,0,0,0,0,0,,,,,,,,,,,,,
F9,2/6/19,382,N210FR,DEN,1055,1120,120,120,25,1142,22,6,0,19,0,0,,,,,,,,,,,,,
F9,2/9/19,382,N236FR,DEN,1055,1106,120,95,11,1117,11,0,0,0,0,0,,,,,,,,,,,,,
F9,2/13/19,382,N211FR,DEN,1055,1046,120,102,-9,1057,11,0,0,0,0,0,,,,,,,,,,,,,
F9,2/16/19,382,N202FR,DEN,1055,1108,120,104,13,1123,15,0,0,0,0,0,,,,,,,,,,,,,
F9,2/20/19,382,N301FR,DEN,1055,1053,120,98,-2,1113,20,0,0,0,0,0,,,,,,,,,,,,,
F9,2/23/19,382,N311FR,DEN,1055,1050,120,111,-5,1105,15,0,0,0,0,0,,,,,,,,,,,,,
F9,2/27/19,382,N312FR,DEN,1055,1100,120,107,5,1118,18,0,0,0,0,0,,,,,,,,,,,,,
F9,3/2/19,382,N307FR,DEN,1114,1153,115,104,39,1206,13,4,0,0,0,24,,,,,,,,,,,,,
F9,3/6/19,382,N229FR,DEN,1114,1107,115,100,-7,1118,11,0,0,0,0,0,,,,,,,,,,,,,
F9,3/9/19,382,N305FR,DEN,1114,1112,115,99,-2,1124,12,0,0,0,0,0,,,,,,,,,,,,,
F9,3/13/19,382,,DEN,1114,000,115,0,0,000,0,0,0,0,0,0,,,,,,,,,,,,,
F9,3/16/19,382,N228FR,DEN,1114,1121,115,99,7,1130,9,0,0,0,0,0,,,,,,,,,,,,,
F9,3/20/19,382,N238FR,DEN,1114,1107,115,103,-7,1124,17,0,0,0,0,0,,,,,,,,,,,,,
F9,3/23/19,382,N228FR,DEN,1114,1106,115,108,-8,1120,14,0,0,0,0,0,,,,,,,,,,,,,
F9,3/27/19,382,N341FR,DEN,1114,1111,115,102,-3,1124,13,0,0,0,0,0,,,,,,,,,,,,,
F9,3/30/19,382,N343FR,DEN,1114,1117,115,105,3,1130,13,0,0,0,0,0,,,,,,,,,,,,,
F9,4/3/19,382,N238FR,DEN,1114,1112,115,110,-2,1127,15,0,0,0,0,0,,,,,,,,,,,,,
F9,4/6/19,382,N221FR,DEN,1114,1112,115,99,-2,1125,13,0,0,0,0,0,,,,,,,,,,,,,
F9,4/10/19,382,N301FR,DEN,1114,1136,115,96,22,1150,14,0,0,0,0,0,,,,,,,,,,,,,
F9,4/13/19,382,N334FR,DEN,1114,1109,115,104,-5,1123,14,0,0,0,0,0,,,,,,,,,,,,,
F9,4/17/19,382,N334FR,DEN,1114,1111,115,104,-3,1125,14,0,0,0,0,0,,,,,,,,,,,,,
F9,4/20/19,382,N335FR,DEN,1114,1110,115,105,-4,1122,12,0,0,0,0,0,,,,,,,,,,,,,
F9,4/24/19,382,N213FR,DEN,1114,1105,115,106,-9,1119,14,0,0,0,0,0,,,,,,,,,,,,,
F9,4/27/19,382,N236FR,DEN,1114,1139,115,104,25,1153,14,0,0,0,0,0,,,,,,,,,,,,,
F9,5/1/19,382,N949FR,DEN,1223,1350,115,104,87,1401,11,76,0,0,0,0,,,,,,,,,,,,,
F9,5/3/19,1454,N336FR,ORD,134,255,196,173,81,308,13,12,0,0,0,46,,,,,,,,,,,,,
F9,5/4/19,382,N910FR,DEN,1223,1219,115,110,-4,1241,22,0,0,0,0,0,,,,,,,,,,,,,
F9,5/6/19,1454,N334FR,ORD,134,210,196,167,36,221,11,0,0,0,0,0,,,,,,,,,,,,,
F9,5/8/19,382,N943FR,DEN,1223,1230,115,110,7,1243,13,0,0,0,0,0,,,,,,,,,,,,,
F9,5/10/19,1454,N342FR,ORD,134,121,196,163,-13,131,10,0,0,0,0,0,,,,,,,,,,,,,
F9,5/11/19,382,N938FR,DEN,1223,1228,115,108,5,1242,14,0,0,0,0,0,,,,,,,,,,,,,
F9,5/13/19,1454,N238FR,ORD,134,136,196,183,2,149,13,0,0,0,0,0,,,,,,,,,,,,,
F9,5/15/19,382,N943FR,DEN,1223,1217,115,111,-6,1230,13,0,0,0,0,0,,,,,,,,,,,,,
F9,5/17/19,1454,N236FR,ORD,134,258,196,174,84,315,17,0,0,0,0,62,,,,,,,,,,,,,
F9,5/18/19,382,N949FR,DEN,1223,1221,115,117,-2,1238,17,0,0,0,0,0,,,,,,,,,,,,,
F9,5/20/19,1454,N236FR,ORD,134,137,196,169,3,151,14,0,0,0,0,0,,,,,,,,,,,,,
F9,5/22/19,382,N938FR,DEN,1223,1238,115,99,15,1254,16,0,0,0,0,0,,,,,,,,,,,,,
F9,5/24/19,1454,N350FR,ORD,134,136,196,179,2,157,21,0,0,0,0,0,,,,,,,,,,,,,
F9,5/25/19,382,N910FR,DEN,1223,1247,115,106,24,1305,18,0,0,0,0,15,,,,,,,,,,,,,
F9,5/27/19,1454,N230FR,ORD,134,143,196,173,9,158,15,0,0,0,0,0,,,,,,,,,,,,,
F9,5/29/19,382,N910FR,DEN,1223,1223,115,120,0,1237,14,0,0,0,0,0,,,,,,,,,,,,,
F9,5/31/19,1454,N350FR,ORD,134,134,196,170,0,146,12,0,0,0,0,0,,,,,,,,,,,,,
F9,6/1/19,382,N949FR,DEN,1223,1221,115,109,-2,1237,16,0,0,0,0,0,,,,,,,,,,,,,
F9,6/3/19,1454,,ORD,134,000,196,0,0,000,0,0,0,0,0,0,,,,,,,,,,,,,
F9,6/5/19,382,N943FR,DEN,1230,1223,115,116,-7,1237,14,0,0,0,0,0,,,,,,,,,,,,,
F9,6/7/19,1454,N343FR,ORD,134,128,196,172,-6,140,12,0,0,0,0,0,,,,,,,,,,,,,
F9,6/8/19,382,N938FR,DEN,1230,1429,115,119,119,1453,24,0,0,4,0,119,,,,,,,,,,,,,
F9,6/10/19,1454,N339FR,ORD,134,122,196,166,-12,137,15,0,0,0,0,0,,,,,,,,,,,,,
F9,6/10/19,382,N938FR,DEN,1230,1221,115,113,-9,1236,15,0,0,0,0,0,,,,,,,,,,,,,
F9,6/12/19,382,N943FR,DEN,1230,1349,115,109,79,1400,11,2,0,0,0,71,,,,,,,,,,,,,
F9,6/14/19,1454,N236FR,ORD,134,207,196,173,33,219,12,0,0,0,0,0,,,,,,,,,,,,,
F9,6/14/19,382,N949FR,DEN,1230,1228,115,110,-2,1242,14,0,0,0,0,0,,,,,,,,,,,,,
F9,6/15/19,382,N910FR,DEN,1230,1228,115,119,-2,1241,13,0,0,0,0,0,,,,,,,,,,,,,
F9,6/17/19,1454,N350FR,ORD,134,232,196,172,58,247,15,21,0,0,0,13,,,,,,,,,,,,,
F9,6/17/19,382,N939FR,DEN,1230,1232,115,119,2,1248,16,0,0,0,0,0,,,,,,,,,,,,,
F9,6/19/19,382,N910FR,DEN,1230,1224,115,117,-6,1245,21,0,0,0,0,0,,,,,,,,,,,,,
F9,6/21/19,1454,N328FR,ORD,134,125,196,173,-9,138,13,0,0,0,0,0,,,,,,,,,,,,,
F9,6/21/19,382,N910FR,DEN,1230,1230,115,0,0,1244,14,0,0,0,0,0,,,,,,,,,,,,,
F9,6/22/19,382,N943FR,DEN,1230,1232,115,121,2,1251,19,0,0,0,0,0,,,,,,,,,,,,,
F9,6/24/19,1454,N334FR,ORD,134,154,196,177,20,208,14,0,0,0,0,0,,,,,,,,,,,,,
F9,6/24/19,382,N941FR,DEN,1230,1235,115,120,5,1303,28,0,0,0,0,0,,,,,,,,,,,,,
F9,6/26/19,382,N941FR,DEN,1230,1229,115,106,-1,1244,15,0,0,0,0,0,,,,,,,,,,,,,
F9,6/28/19,1454,N328FR,ORD,134,124,196,180,-10,137,13,0,0,0,0,0,,,,,,,,,,,,,
F9,6/28/19,382,N943FR,DEN,1230,1229,115,110,-1,1244,15,0,0,0,0,0,,,,,,,,,,,,,
F9,6/29/19,382,N910FR,DEN,1230,1221,115,121,-9,1233,12,0,0,0,0,0,,,,,,,,,,,,,
F9,7/1/19,1454,N346FR,ORD,134,236,196,181,62,247,11,23,0,0,0,24,,,,,,,,,,,,,
F9,7/1/19,382,N941FR,DEN,1230,1248,115,117,18,1307,19,2,0,12,0,6,,,,,,,,,,,,,
F9,7/3/19,382,N943FR,DEN,1230,1251,115,106,21,1305,14,0,0,0,0,0,,,,,,,,,,,,,
F9,7/5/19,1454,N316FR,ORD,134,120,196,174,-14,136,16,0,0,0,0,0,,,,,,,,,,,,,
F9,7/5/19,382,N949FR,DEN,1230,1228,115,106,-2,1242,14,0,0,0,0,0,,,,,,,,,,,,,
F9,7/6/19,382,N939FR,DEN,1230,1229,115,111,-1,1245,16,0,0,0,0,0,,,,,,,,,,,,,
F9,7/8/19,1454,N304FR,ORD,134,134,196,168,0,146,12,0,0,0,0,0,,,,,,,,,,,,,
F9,7/8/19,382,N910FR,DEN,1230,1228,115,103,-2,1238,10,0,0,0,0,0,,,,,,,,,,,,,
F9,7/10/19,382,N949FR,DEN,1218,1238,112,107,20,1254,16,0,0,0,0,15,,,,,,,,,,,,,
F9,7/12/19,1454,N352FR,ORD,121,146,188,176,25,159,13,0,0,0,0,0,,,,,,,,,,,,,
F9,7/12/19,382,N910FR,DEN,1218,1210,112,126,-8,1231,21,0,0,0,0,0,,,,,,,,,,,,,
F9,7/13/19,382,N938FR,DEN,1218,1212,112,109,-6,1225,13,0,0,0,0,0,,,,,,,,,,,,,
F9,7/15/19,1454,N309FR,ORD,121,136,188,176,15,145,9,0,0,0,0,0,,,,,,,,,,,,,
F9,7/15/19,382,N941FR,DEN,1218,1215,112,118,-3,1237,22,0,0,0,0,0,,,,,,,,,,,,,
F9,7/17/19,382,N949FR,DEN,1218,1211,112,118,-7,1224,13,0,0,0,0,0,,,,,,,,,,,,,
F9,7/19/19,1454,N335FR,ORD,121,114,188,183,-7,128,14,0,0,0,0,0,,,,,,,,,,,,,
F9,7/19/19,382,N938FR,DEN,1218,1212,112,140,-6,1227,15,0,0,22,0,0,,,,,,,,,,,,,
F9,7/20/19,382,N943FR,DEN,1218,1210,112,109,-8,1222,12,0,0,0,0,0,,,,,,,,,,,,,
F9,7/22/19,1454,N350FR,ORD,121,151,188,171,30,203,12,0,0,0,0,0,,,,,,,,,,,,,
F9,7/22/19,382,N910FR,DEN,1218,1247,112,115,29,1256,9,6,0,3,0,23,,,,,,,,,,,,,
F9,7/24/19,382,N941FR,DEN,1218,1211,112,113,-7,1228,17,0,0,0,0,0,,,,,,,,,,,,,
F9,7/26/19,1454,N329FR,ORD,121,116,188,180,-5,128,12,0,0,0,0,0,,,,,,,,,,,,,
F9,7/26/19,382,N943FR,DEN,1218,1226,112,121,8,1242,16,8,0,9,0,0,,,,,,,,,,,,,
F9,7/27/19,382,N939FR,DEN,1218,1222,112,116,4,1239,17,0,0,0,0,0,,,,,,,,,,,,,
F9,7/29/19,1454,N309FR,ORD,121,122,188,202,1,137,15,0,0,15,0,0,,,,,,,,,,,,,
F9,7/29/19,382,N949FR,DEN,1218,1208,112,118,-10,1220,12,0,0,0,0,0,,,,,,,,,,,,,
F9,7/31/19,382,N938FR,DEN,1218,1216,112,109,-2,1228,12,0,0,0,0,0,,,,,,,,,,,,,
F9,8/2/19,1454,N318FR,ORD,121,125,188,184,4,139,14,0,0,0,0,0,,,,,,,,,,,,,
F9,8/2/19,382,N949FR,DEN,1218,1250,112,118,32,1306,16,32,0,6,0,0,,,,,,,,,,,,,
F9,8/3/19,382,N943FR,DEN,1218,1231,112,106,13,1242,11,0,0,0,0,0,,,,,,,,,,,,,
F9,8/5/19,1454,N348FR,ORD,121,123,188,206,2,135,12,0,0,20,0,0,,,,,,,,,,,,,
F9,8/5/19,382,N939FR,DEN,1218,1212,112,119,-6,1236,24,0,0,0,0,0,,,,,,,,,,,,,
F9,8/7/19,382,N941FR,DEN,1218,1245,112,125,27,1259,14,0,0,13,0,27,,,,,,,,,,,,,
F9,8/9/19,1454,N356FR,ORD,121,126,188,198,5,140,14,5,0,10,0,0,,,,,,,,,,,,,
F9,8/9/19,382,N910FR,DEN,1218,1242,112,110,24,1258,16,0,0,0,0,22,,,,,,,,,,,,,
F9,8/10/19,382,N939FR,DEN,1218,1212,112,120,-6,1227,15,0,0,0,0,0,,,,,,,,,,,,,
F9,8/12/19,382,N211FR,DEN,1214,1218,112,113,4,1238,20,0,0,0,0,0,,,,,,,,,,,,,
F9,8/14/19,382,N330FR,DEN,1214,1213,112,114,-1,1226,13,0,0,0,0,0,,,,,,,,,,,,,
F9,8/16/19,382,N228FR,DEN,1214,1316,112,109,62,1330,14,25,0,0,0,34,,,,,,,,,,,,,
F9,8/17/19,382,N939FR,DEN,1214,1212,112,110,-2,1232,20,0,0,0,0,0,,,,,,,,,,,,,
F9,8/19/19,382,N339FR,DEN,1214,1318,112,106,64,1333,15,0,0,0,0,58,,,,,,,,,,,,,
F9,8/21/19,382,N332FR,DEN,1214,1223,112,132,9,1235,12,4,0,20,0,5,,,,,,,,,,,,,
F9,8/23/19,382,N322FR,DEN,1214,1204,112,149,-10,1216,12,0,0,27,0,0,,,,,,,,,,,,,
F9,8/24/19,382,N939FR,DEN,1214,1208,112,104,-6,1223,15,0,0,0,0,0,,,,,,,,,,,,,
F9,8/26/19,382,N309FR,DEN,1214,1228,112,124,14,1251,23,0,0,26,0,0,,,,,,,,,,,,,
F9,8/28/19,382,N317FR,DEN,1214,1204,112,105,-10,1218,14,0,0,0,0,0,,,,,,,,,,,,,
F9,8/30/19,382,N349FR,DEN,1214,1247,112,114,33,1304,17,33,0,2,0,0,,,,,,,,,,,,,
F9,8/31/19,382,N941FR,DEN,1214,1213,112,111,-1,1229,16,0,0,0,0,0,,,,,,,,,,,,,
F9,9/2/19,382,N316FR,DEN,1214,1234,112,118,20,1255,21,0,0,6,0,20,,,,,,,,,,,,,
F9,9/4/19,382,N205FR,DEN,1214,1218,112,110,4,1237,19,0,0,0,0,0,,,,,,,,,,,,,
F9,9/6/19,382,N326FR,DEN,1253,1244,113,119,-9,1259,15,0,0,0,0,0,,,,,,,,,,,,,
F9,9/7/19,382,N303FR,DEN,1253,1243,113,105,-10,1255,12,0,0,0,0,0,,,,,,,,,,,,,
F9,9/9/19,382,N332FR,DEN,1253,1242,113,102,-11,1256,14,0,0,0,0,0,,,,,,,,,,,,,
F9,9/11/19,382,N358FR,DEN,1253,1249,113,113,-4,1309,20,0,0,0,0,0,,,,,,,,,,,,,
F9,9/13/19,382,N313FR,DEN,1253,1249,113,107,-4,1302,13,0,0,0,0,0,,,,,,,,,,,,,
F9,9/14/19,382,N313FR,DEN,1253,1239,113,105,-14,1255,16,0,0,0,0,0,,,,,,,,,,,,,
F9,9/16/19,382,N316FR,DEN,1253,1243,113,102,-10,1258,15,0,0,0,0,0,,,,,,,,,,,,,
F9,9/18/19,382,N328FR,DEN,1253,1255,113,112,2,1310,15,0,0,0,0,0,,,,,,,,,,,,,
F9,9/20/19,382,N329FR,DEN,1253,1245,113,104,-8,1257,12,0,0,0,0,0,,,,,,,,,,,,,
F9,9/21/19,382,N342FR,DEN,1253,1250,113,102,-3,1307,17,0,0,0,0,0,,,,,,,,,,,,,
F9,9/23/19,382,N227FR,DEN,1253,1243,113,102,-10,1253,10,0,0,0,0,0,,,,,,,,,,,,,
F9,9/25/19,382,N229FR,DEN,1253,1247,113,109,-6,1259,12,0,0,0,0,0,,,,,,,,,,,,,
F9,9/27/19,382,N211FR,DEN,1253,1243,113,105,-10,1257,14,0,0,0,0,0,,,,,,,,,,,,,
F9,9/28/19,382,N338FR,DEN,1253,1306,113,114,13,1318,12,0,0,0,0,0,,,,,,,,,,,,,
F9,9/30/19,382,N207FR,DEN,1253,1241,113,106,-12,1250,9,0,0,0,0,0,,,,,,,,,,,,,
F9,10/2/19,382,N336FR,DEN,1253,1243,113,120,-10,1303,20,0,0,0,0,0,,,,,,,,,,,,,
F9,10/4/19,382,N334FR,DEN,1253,1244,113,112,-9,1256,12,0,0,0,0,0,,,,,,,,,,,,,
F9,10/5/19,382,N350FR,DEN,1253,1253,113,116,0,1315,22,0,0,0,0,0,,,,,,,,,,,,,
F9,10/7/19,382,N330FR,DEN,1253,1252,113,120,-1,1318,26,0,0,0,0,0,,,,,,,,,,,,,
F9,10/9/19,382,N330FR,DEN,1253,1243,113,107,-10,1256,13,0,0,0,0,0,,,,,,,,,,,,,
F9,10/11/19,382,N348FR,DEN,1253,1246,113,125,-7,1258,12,0,0,0,0,0,,,,,,,,,,,,,
F9,10/12/19,382,N312FR,DEN,1253,1252,113,104,-1,1309,17,0,0,0,0,0,,,,,,,,,,,,,
F9,10/14/19,382,N313FR,DEN,1253,1248,113,96,-5,1302,14,0,0,0,0,0,,,,,,,,,,,,,
F9,10/16/19,382,N206FR,DEN,1253,1239,113,123,-14,1252,13,0,0,0,0,0,,,,,,,,,,,,,
F9,10/18/19,382,N304FR,DEN,1253,1247,113,118,-6,1304,17,0,0,0,0,0,,,,,,,,,,,,,
F9,10/19/19,382,N337FR,DEN,1253,1245,113,116,-8,1304,19,0,0,0,0,0,,,,,,,,,,,,,
F9,10/21/19,382,N354FR,DEN,1253,1243,113,132,-10,1259,16,0,0,0,0,0,,,,,,,,,,,,,
F9,10/23/19,382,N330FR,DEN,1253,1245,113,128,-8,1302,17,0,0,0,0,0,,,,,,,,,,,,,
F9,10/25/19,382,N352FR,DEN,1253,1245,113,114,-8,1300,15,0,0,0,0,0,,,,,,,,,,,,,
F9,10/26/19,382,N238FR,DEN,1253,1249,113,122,-4,1259,10,0,0,0,0,0,,,,,,,,,,,,,
F9,10/28/19,382,N230FR,DEN,1253,1349,114,110,56,1402,13,0,0,22,0,30,,,,,,,,,,,,,
F9,10/30/19,382,N329FR,DEN,1253,1713,114,114,260,1728,15,0,0,0,0,260,,,,,,,,,,,,,
F9,11/1/19,382,N305FR,DEN,1253,1322,114,102,29,1336,14,17,0,0,0,0,,,,,,,,,,,,,
F9,11/2/19,382,N305FR,DEN,1246,1243,114,111,-3,1300,17,0,0,0,0,0,,,,,,,,,,,,,
F9,11/4/19,382,N308FR,DEN,1240,1239,114,103,-1,1254,15,0,0,0,0,0,,,,,,,,,,,,,
F9,11/6/19,382,N304FR,DEN,1253,1251,114,121,-2,1310,19,0,0,0,0,0,,,,,,,,,,,,,
F9,11/8/19,382,N311FR,DEN,1253,1250,114,116,-3,1314,24,0,0,0,0,0,,,,,,,,,,,,,
F9,11/9/19,382,N346FR,DEN,1246,1237,114,109,-9,1252,15,0,0,0,0,0,,,,,,,,,,,,,
F9,11/11/19,382,N323FR,DEN,1253,1312,114,113,19,1327,15,0,0,0,0,18,,,,,,,,,,,,,
F9,11/13/19,382,N323FR,DEN,1253,1253,114,118,0,1301,8,0,0,0,0,0,,,,,,,,,,,,,
F9,11/14/19,382,N326FR,DEN,1833,1840,114,109,7,1850,10,0,0,0,0,0,,,,,,,,,,,,,
F9,11/17/19,382,N322FR,DEN,1833,1831,114,119,-2,1844,13,0,0,0,0,0,,,,,,,,,,,,,
F9,11/19/19,382,N305FR,DEN,1833,1826,114,95,-7,1836,10,0,0,0,0,0,,,,,,,,,,,,,
F9,11/21/19,382,N206FR,DEN,1833,1907,114,93,34,1916,9,0,0,0,0,0,,,,,,,,,,,,,
F9,11/24/19,382,N312FR,DEN,1833,1829,114,102,-4,1842,13,0,0,0,0,0,,,,,,,,,,,,,
F9,11/26/19,382,N238FR,DEN,1833,1918,114,106,45,1935,17,0,0,0,0,37,,,,,,,,,,,,,
F9,11/28/19,382,N341FR,DEN,1833,1843,114,92,10,1855,12,0,0,0,0,0,,,,,,,,,,,,,
F9,12/1/19,382,N304FR,DEN,1833,1821,114,108,-12,1834,13,0,0,0,0,0,,,,,,,,,,,,,
F9,12/3/19,382,N205FR,DEN,1833,1825,114,109,-8,1837,12,0,0,0,0,0,,,,,,,,,,,,,
F9,12/5/19,382,N305FR,DEN,1833,1919,114,107,46,1928,9,5,0,0,0,34,,,,,,,,,,,,,
F9,12/8/19,382,N343FR,DEN,1833,1824,114,97,-9,1836,12,0,0,0,0,0,,,,,,,,,,,,,
F9,12/12/19,382,N223FR,DEN,1825,1824,115,100,-1,1835,11,0,0,0,0,0,,,,,,,,,,,,,
F9,12/15/19,382,N316FR,DEN,1918,1917,116,111,-1,1932,15,0,0,0,0,0,,,,,,,,,,,,,
F9,12/19/19,382,N317FR,DEN,1825,1817,115,106,-8,1830,13,0,0,0,0,0,,,,,,,,,,,,,
F9,12/22/19,382,N305FR,DEN,1715,1713,115,114,-2,1728,15,0,0,0,0,0,,,,,,,,,,,,,
F9,12/24/19,382,N227FR,DEN,1756,1750,115,94,-6,1803,13,0,0,0,0,0,,,,,,,,,,,,,
F9,12/26/19,382,N324FR,DEN,1918,1917,116,110,-1,1937,20,0,0,0,0,0,,,,,,,,,,,,,
F9,12/29/19,382,N322FR,DEN,1715,1706,115,105,-9,1719,13,0,0,0,0,0,,,,,,,,,,,,,
F9,1/2/20,382,N232FR,DEN,1918,1914,116,116,-4,1927,13,0,0,0,0,0,,,,,,,,,,,,,
F9,1/5/20,382,N213FR,DEN,1715,1709,115,93,-6,1719,10,0,0,0,0,0,,,,,,,,,,,,,
F9,1/7/20,382,N317FR,DEN,1814,1807,115,106,-7,1823,16,0,0,0,0,0,,,,,,,,,,,,,
F9,1/9/20,382,N207FR,DEN,1814,1841,115,97,27,1851,10,0,0,0,0,0,,,,,,,,,,,,,
F9,1/12/20,382,N351FR,DEN,1814,1809,115,105,-5,1823,14,0,0,0,0,0,,,,,,,,,,,,,
F9,1/16/20,382,N227FR,DEN,1814,1827,115,95,13,1838,11,0,0,0,0,0,,,,,,,,,,,,,
F9,1/19/20,382,N230FR,DEN,1814,1801,115,116,-13,1814,13,0,0,0,0,0,,,,,,,,,,,,,
F9,1/23/20,382,N201FR,DEN,1814,1806,115,116,-8,1821,15,0,0,0,0,0,,,,,,,,,,,,,
F9,1/26/20,382,N216FR,DEN,1814,1804,115,106,-10,1815,11,0,0,0,0,0,,,,,,,,,,,,,
F9,1/30/20,382,N334FR,DEN,1814,1827,115,123,13,1844,17,13,0,8,0,0,,,,,,,,,,,,,
F9,2/2/20,382,N307FR,DEN,1814,1859,115,107,45,1914,15,4,0,0,0,33,,,,,,,,,,,,,
F9,2/6/20,382,N205FR,DEN,1814,1806,115,144,-8,1819,13,0,0,21,0,0,,,,,,,,,,,,,
F9,2/9/20,382,N311FR,DEN,1814,1910,115,99,56,1921,11,0,0,0,0,40,,,,,,,,,,,,,
F9,2/13/20,382,N359FR,DEN,1814,1855,115,125,41,1914,19,12,0,18,0,21,,,,,,,,,,,,,
F9,2/16/20,382,N358FR,DEN,1814,1813,115,102,-1,1830,17,0,0,0,0,0,,,,,,,,,,,,,
F9,2/18/20,382,N202FR,DEN,1814,1804,115,104,-10,1814,10,0,0,0,0,0,,,,,,,,,,,,,
F9,2/20/20,382,N348FR,DEN,1814,1825,115,116,11,1840,15,0,0,0,0,0,,,,,,,,,,,,,
F9,2/23/20,382,N364FR,DEN,1814,1804,115,106,-10,1818,14,0,0,0,0,0,,,,,,,,,,,,,
F9,2/27/20,382,N202FR,DEN,1814,1807,115,110,-7,1820,13,0,0,0,0,0,,,,,,,,,,,,,
F9,3/1/20,382,N207FR,DEN,1814,1818,115,98,4,1831,13,0,0,0,0,0,,,,,,,,,,,,,
F9,3/5/20,382,N312FR,DEN,1814,1828,115,110,14,1840,12,0,0,0,0,0,,,,,,,,,,,,,
F9,3/8/20,382,N349FR,DEN,1814,1901,115,109,47,1919,18,0,0,34,0,7,,,,,,,,,,,,,
F9,3/10/20,382,N338FR,DEN,1807,1805,115,103,-2,1823,18,0,0,0,0,0,,,,,,,,,,,,,
F9,3/12/20,382,N356FR,DEN,1807,1804,115,108,-3,1825,21,0,0,0,0,0,,,,,,,,,,,,,
F9,3/15/20,382,N213FR,DEN,1807,1824,115,107,17,1841,17,0,0,0,0,0,,,,,,,,,,,,,
F9,3/17/20,382,N207FR,DEN,1807,1758,115,95,-9,1811,13,0,0,0,0,0,,,,,,,,,,,,,
F9,3/19/20,382,,DEN,1807,000,115,0,0,000,0,0,0,0,0,0,,,,,,,,,,,,,
F9,3/22/20,382,N331FR,DEN,1807,1757,115,102,-10,1809,12,0,0,0,0,0,,,,,,,,,,,,,
F9,3/24/20,382,N202FR,DEN,1807,1754,115,96,-13,1808,14,0,0,0,0,0,,,,,,,,,,,,,
F9,3/26/20,382,,DEN,1807,000,115,0,0,000,0,0,0,0,0,0,,,,,,,,,,,,,
F9,3/29/20,382,,DEN,1807,000,115,0,0,000,0,0,0,0,0,0,,,,,,,,,,,,,
F9,3/31/20,382,,DEN,1807,000,115,0,0,000,0,0,0,0,0,0,,,,,,,,,,,,,
F9,4/2/20,382,,DEN,1807,000,115,0,0,000,0,0,0,0,0,0,,,,,,,,,,,,,
F9,4/11/20,382,N341FR,DEN,1358,1348,112,102,-10,1402,14,0,0,0,0,0,,,,,,,,,,,,,
F9,5/9/20,284,N349FR,DEN,1358,1350,116,106,-8,1402,12,0,0,0,0,0,,,,,,,,,,,,,
F9,5/16/20,284,N337FR,DEN,1358,1349,116,106,-9,1401,12,0,0,0,0,0,,,,,,,,,,,,,
F9,5/21/20,382,N308FR,DEN,1752,1747,116,102,-5,1758,11,0,0,0,0,0,,,,,,,,,,,,,
F9,5/28/20,382,N318FR,DEN,1752,1742,116,112,-10,1755,13,0,0,0,0,0,,,,,,,,,,,,,
F9,6/4/20,382,N322FR,DEN,1752,1919,116,104,87,1932,13,0,0,0,0,75,,,,,,,,,,,,,
F9,6/11/20,382,N351FR,DEN,1752,1749,116,104,-3,1759,10,0,0,0,0,0,,,,,,,,,,,,,
F9,6/18/20,382,N344FR,DEN,1731,1724,116,112,-7,1739,15,0,0,0,0,0,,,,,,,,,,,,,
F9,6/25/20,382,N359FR,DEN,1731,1817,116,108,46,1831,14,4,0,34,0,0,,,,,,,,,,,,,
F9,7/4/20,382,N310FR,DEN,1729,1845,116,109,76,1859,14,9,0,60,0,0,,,,,,,,,,,,,
F9,7/11/20,382,N211FR,DEN,1729,1904,116,98,95,1913,9,77,0,0,0,0,,,,,,,,,,,,,
F9,7/18/20,382,N220FR,DEN,1729,1749,116,104,20,1805,16,0,0,0,0,0,,,,,,,,,,,,,
F9,7/25/20,382,N324FR,DEN,1729,1734,116,115,5,1752,18,0,0,0,0,0,,,,,,,,,,,,,
F9,8/2/20,382,N313FR,DEN,1945,1939,114,147,-6,1956,17,0,0,27,0,0,,,,,,,,,,,,,
F9,8/3/20,382,N351FR,DEN,1835,1918,114,120,43,1933,15,0,0,6,0,43,,,,,,,,,,,,,
F9,8/7/20,382,N312FR,DEN,1821,1818,114,103,-3,1832,14,0,0,0,0,0,,,,,,,,,,,,,
F9,8/9/20,382,N301FR,DEN,1902,1903,114,124,1,1928,25,0,0,0,0,0,,,,,,,,,,,,,
F9,8/10/20,382,N370FR,DEN,1835,1826,114,107,-9,1839,13,0,0,0,0,0,,,,,,,,,,,,,
F9,8/14/20,382,N310FR,DEN,1821,1815,114,105,-6,1830,15,0,0,0,0,0,,,,,,,,,,,,,
F9,8/16/20,382,N346FR,DEN,1605,1603,114,115,-2,1614,11,0,0,0,0,0,,,,,,,,,,,,,
F9,8/17/20,382,N205FR,DEN,1835,1830,114,106,-5,1842,12,0,0,0,0,0,,,,,,,,,,,,,
F9,8/21/20,382,N236FR,DEN,1821,1812,114,105,-9,1820,8,0,0,0,0,0,,,,,,,,,,,,,
F9,8/23/20,382,N307FR,DEN,1605,1713,114,116,68,1730,17,0,0,6,0,64,,,,,,,,,,,,,
F9,8/24/20,382,N232FR,DEN,1835,1826,114,115,-9,1838,12,0,0,0,0,0,,,,,,,,,,,,,
F9,8/28/20,382,N358FR,DEN,1821,1812,114,107,-9,1827,15,0,0,0,0,0,,,,,,,,,,,,,
F9,8/30/20,382,,DEN,1605,000,114,0,0,000,0,0,0,0,0,0,,,,,,,,,,,,,
F9,8/31/20,382,N362FR,DEN,1835,1903,114,98,28,1915,12,0,0,0,0,0,,,,,,,,,,,,,
F9,9/4/20,382,N318FR,DEN,1823,1819,114,101,-4,1829,10,0,0,0,0,0,,,,,,,,,,,,,
F9,9/6/20,382,N371FR,DEN,1609,1602,114,113,-7,1616,14,0,0,0,0,0,,,,,,,,,,,,,
F9,9/7/20,382,N335FR,DEN,1905,1851,114,123,-14,1903,12,0,0,0,0,0,,,,,,,,,,,,,
F9,9/11/20,382,N317FR,DEN,1823,1815,114,105,-8,1827,12,0,0,0,0,0,,,,,,,,,,,,,
F9,9/13/20,382,N303FR,DEN,1609,1602,114,106,-7,1616,14,0,0,0,0,0,,,,,,,,,,,,,
F9,9/14/20,382,N316FR,DEN,1905,1854,114,119,-11,1905,11,0,0,0,0,0,,,,,,,,,,,,,
F9,9/18/20,382,N316FR,DEN,1823,1827,114,112,4,1844,17,0,0,0,0,0,,,,,,,,,,,,,
F9,9/20/20,382,N304FR,DEN,1609,1559,114,97,-10,1609,10,0,0,0,0,0,,,,,,,,,,,,,
F9,9/21/20,382,N310FR,DEN,1905,1900,114,119,-5,1910,10,0,0,0,0,0,,,,,,,,,,,,,
F9,9/25/20,382,N363FR,DEN,1823,1821,114,106,-2,1834,13,0,0,0,0,0,,,,,,,,,,,,,
F9,9/27/20,382,N365FR,DEN,1609,1557,114,108,-12,1612,15,0,0,0,0,0,,,,,,,,,,,,,
F9,9/28/20,382,N371FR,DEN,1905,1903,114,111,-2,1917,14,0,0,0,0,0,,,,,,,,,,,,,
F9,10/2/20,382,N354FR,DEN,1823,1818,114,105,-5,1831,13,0,0,0,0,0,,,,,,,,,,,,,
F9,10/10/20,382,N358FR,DEN,1809,1804,106,102,-5,1816,12,0,0,0,0,0,,,,,,,,,,,,,
F9,10/17/20,382,N324FR,DEN,1809,1803,106,111,-6,1818,15,0,0,0,0,0,,,,,,,,,,,,,
F9,10/24/20,382,N351FR,DEN,1809,1819,106,104,10,1834,15,0,0,0,0,0,,,,,,,,,,,,,
F9,10/31/20,382,N338FR,DEN,1749,1744,106,112,-5,1757,13,0,0,0,0,0,,,,,,,,,,,,,
F9,11/7/20,382,N230FR,DEN,1834,1818,111,90,-16,1827,9,0,0,0,0,0,,,,,,,,,,,,,
F9,11/14/20,382,N205FR,DEN,1834,1825,111,103,-9,1834,9,0,0,0,0,0,,,,,,,,,,,,,
F9,11/20/20,382,N213FR,DEN,1910,1901,111,105,-9,1913,12,0,0,0,0,0,,,,,,,,,,,,,
F9,11/21/20,382,N337FR,DEN,1910,1859,111,104,-11,1912,13,0,0,0,0,0,,,,,,,,,,,,,
F9,11/23/20,382,N368FR,DEN,1903,1903,111,91,0,1915,12,0,0,0,0,0,,,,,,,,,,,,,
F9,11/27/20,382,N307FR,DEN,1910,1855,111,108,-15,1907,12,0,0,0,0,0,,,,,,,,,,,,,
F9,11/28/20,382,N305FR,DEN,1910,1905,111,125,-5,1917,12,0,0,0,0,0,,,,,,,,,,,,,
F9,11/30/20,382,N338FR,DEN,1903,1854,111,105,-9,1908,14,0,0,0,0,0,,,,,,,,,,,,,
F9,12/11/20,382,N210FR,DEN,1854,1916,109,103,22,1928,12,5,0,11,0,0,,,,,,,,,,,,,
F9,12/17/20,382,N328FR,DEN,1634,1643,109,125,9,1715,32,9,0,16,0,0,,,,,,,,,,,,,
F9,12/20/20,382,N220FR,DEN,1543,1747,109,112,124,1800,13,0,124,3,0,0,,,,,,,,,,,,,
F9,12/21/20,382,N368FR,DEN,1426,1419,109,107,-7,1432,13,0,0,0,0,0,,,,,,,,,,,,,
F9,12/23/20,382,N328FR,DEN,1723,1738,109,114,15,1749,11,12,0,5,0,3,,,,,,,,,,,,,
F9,12/27/20,382,N330FR,DEN,1603,1556,109,103,-7,1608,12,0,0,0,0,0,,,,,,,,,,,,,
F9,12/28/20,382,N316FR,DEN,1426,1502,109,96,36,1515,13,1,0,4,0,18,,,,,,,,,,,,,
F9,12/30/20,382,N216FR,DEN,1313,1331,109,107,18,1342,11,16,0,0,0,0,,,,,,,,,,,,,
F9,1/3/21,382,N349FR,DEN,1603,1556,109,102,-7,1607,11,0,0,0,0,0,,,,,,,,,,,,,
F9,1/4/21,382,N372FR,DEN,1426,1426,109,108,0,1440,14,0,0,0,0,0,,,,,,,,,,,,,
F9,1/7/21,382,N337FR,DEN,1852,1848,116,105,-4,1902,14,0,0,0,0,0,,,,,,,,,,,,,
F9,1/10/21,382,N363FR,DEN,1434,1421,116,113,-13,1435,14,0,0,0,0,0,,,,,,,,,,,,,
F9,1/14/21,382,N205FR,DEN,1852,1913,116,146,21,1936,23,21,0,30,0,0,,,,,,,,,,,,,
F9,1/17/21,382,N310FR,DEN,1434,1420,116,110,-14,1438,18,0,0,0,0,0,,,,,,,,,,,,,
F9,1/21/21,382,N343FR,DEN,1852,1841,116,111,-11,1853,12,0,0,0,0,0,,,,,,,,,,,,,
F9,1/24/21,382,N370FR,DEN,1434,1424,116,103,-10,1442,18,0,0,0,0,0,,,,,,,,,,,,,
F9,1/28/21,382,N324FR,DEN,1852,1845,116,92,-7,1856,11,0,0,0,0,0,,,,,,,,,,,,,
F9,1/31/21,382,N307FR,DEN,1434,1433,116,112,-1,1444,11,0,0,0,0,0,,,,,,,,,,,,,
F9,2/4/21,382,N318FR,DEN,1852,1844,116,105,-8,1859,15,0,0,0,0,0,,,,,,,,,,,,,
F9,2/7/21,382,N349FR,DEN,1434,1426,116,117,-8,1442,16,0,0,0,0,0,,,,,,,,,,,,,
F9,2/11/21,382,N361FR,DEN,1904,1900,116,116,-4,1916,16,0,0,0,0,0,,,,,,,,,,,,,
F9,2/14/21,382,N236FR,DEN,1904,2222,116,102,198,2231,9,0,0,0,0,184,,,,,,,,,,,,,
F9,2/18/21,382,N236FR,DEN,1904,1901,116,127,-3,1915,14,0,0,0,0,0,,,,,,,,,,,,,
F9,2/21/21,382,N362FR,DEN,1904,1854,116,113,-10,1907,13,0,0,0,0,0,,,,,,,,,,,,,
F9,2/25/21,382,N227FR,DEN,1904,1904,116,130,0,1936,32,0,0,0,0,0,,,,,,,,,,,,,
F9,2/28/21,382,N363FR,DEN,1904,1902,116,113,-2,1914,12,0,0,0,0,0,,,,,,,,,,,,,
F9,3/4/21,382,N323FR,DEN,1904,1900,116,109,-4,1914,14,0,0,0,0,0,,,,,,,,,,,,,
F9,3/7/21,1995,N308FR,LAS,1708,1714,108,112,6,1730,16,0,0,0,0,0,,,,,,,,,,,,,
F9,3/7/21,382,N949FR,DEN,1907,1902,113,108,-5,1914,12,0,0,0,0,0,,,,,,,,,,,,,
F9,3/9/21,382,N943FR,DEN,1907,1905,113,99,-2,1918,13,0,0,0,0,0,,,,,,,,,,,,,
F9,3/11/21,1995,N336FR,LAS,1708,1706,108,119,-2,1732,26,0,0,0,0,0,,,,,,,,,,,,,
F9,3/11/21,382,N943FR,DEN,1907,1904,113,102,-3,1917,13,0,0,0,0,0,,,,,,,,,,,,,
F9,3/14/21,1995,N349FR,LAS,1708,1707,108,120,-1,1726,19,0,0,0,0,0,,,,,,,,,,,,,
F9,3/14/21,382,,DEN,1907,000,113,0,0,000,0,0,0,0,0,0,,,,,,,,,,,,,
F9,3/16/21,382,N943FR,DEN,1907,1931,113,101,24,1943,12,0,0,0,0,0,,,,,,,,,,,,,
F9,3/18/21,1995,N328FR,LAS,1708,1703,108,113,-5,1716,13,0,0,0,0,0,,,,,,,,,,,,,
F9,3/18/21,382,N943FR,DEN,1907,1908,113,107,1,1927,19,0,0,0,0,0,,,,,,,,,,,,,
F9,3/21/21,1995,N348FR,LAS,1708,1700,108,117,-8,1712,12,0,0,0,0,0,,,,,,,,,,,,,
F9,3/21/21,382,N941FR,DEN,1907,1902,113,112,-5,1913,11,0,0,0,0,0,,,,,,,,,,,,,
F9,3/23/21,382,N941FR,DEN,1907,1859,113,102,-8,1912,13,0,0,0,0,0,,,,,,,,,,,,,
F9,3/25/21,1995,N370FR,LAS,1623,1632,108,122,9,1655,23,9,0,14,0,0,,,,,,,,,,,,,
F9,3/25/21,382,N949FR,DEN,1907,2101,113,104,114,2114,13,105,0,0,0,0,,,,,,,,,,,,,
F9,3/28/21,1995,N353FR,LAS,1708,1937,108,101,149,1947,10,0,0,0,0,142,,,,,,,,,,,,,
F9,3/28/21,382,N949FR,DEN,1907,1906,113,104,-1,1914,8,0,0,0,0,0,,,,,,,,,,,,,
F9,3/30/21,382,N943FR,DEN,1907,1902,113,108,-5,1917,15,0,0,0,0,0,,,,,,,,,,,,,
F9,4/1/21,1995,N352FR,LAS,1623,1635,108,106,12,1652,17,0,0,0,0,0,,,,,,,,,,,,,
F9,4/1/21,382,N943FR,DEN,1907,1902,113,97,-5,1910,8,0,0,0,0,0,,,,,,,,,,,,,
F9,4/4/21,1995,N370FR,LAS,1708,1703,108,110,-5,1717,14,0,0,0,0,0,,,,,,,,,,,,,
F9,4/4/21,382,N943FR,DEN,1907,1904,113,102,-3,1915,11,0,0,0,0,0,,,,,,,,,,,,,
F9,4/6/21,382,N943FR,DEN,1907,1857,113,113,-10,1911,14,0,0,0,0,0,,,,,,,,,,,,,
F9,4/8/21,1995,N304FR,LAS,1623,1839,108,130,136,1859,20,0,0,22,0,136,,,,,,,,,,,,,
F9,4/8/21,382,N943FR,DEN,1907,1911,113,104,4,1926,15,0,0,0,0,0,,,,,,,,,,,,,
F9,4/11/21,1995,N331FR,LAS,1708,1725,108,113,17,1741,16,0,0,13,0,9,,,,,,,,,,,,,
F9,4/11/21,382,N943FR,DEN,1907,1905,113,106,-2,1917,12,0,0,0,0,0,,,,,,,,,,,,,
F9,4/13/21,382,N353FR,DEN,1917,1910,103,105,-7,1924,14,0,0,0,0,0,,,,,,,,,,,,,
F9,4/15/21,1995,N943FR,LAS,1313,1315,108,118,2,1333,18,0,0,0,0,0,,,,,,,,,,,,,
F9,4/15/21,382,N943FR,DEN,1803,1807,103,128,4,1840,33,4,0,25,0,0,,,,,,,,,,,,,
F9,4/18/21,1995,N949FR,LAS,1313,1303,108,115,-10,1320,17,0,0,0,0,0,,,,,,,,,,,,,
F9,4/18/21,382,N949FR,DEN,1803,1800,103,103,-3,1810,10,0,0,0,0,0,,,,,,,,,,,,,
F9,4/20/21,382,N337FR,DEN,1917,1914,103,100,-3,1925,11,0,0,0,0,0,,,,,,,,,,,,,
F9,4/22/21,1995,N941FR,LAS,1313,1312,108,109,-1,1324,12,0,0,0,0,0,,,,,,,,,,,,,
F9,4/22/21,382,N941FR,DEN,1803,1818,103,99,15,1829,11,0,0,0,0,0,,,,,,,,,,,,,
F9,4/25/21,1995,N943FR,LAS,1313,1303,108,105,-10,1313,10,0,0,0,0,0,,,,,,,,,,,,,
F9,4/25/21,382,N943FR,DEN,1803,1809,103,101,6,1823,14,0,0,0,0,0,,,,,,,,,,,,,
F9,4/27/21,382,N941FR,DEN,1917,1924,103,110,7,1939,15,0,0,0,0,0,,,,,,,,,,,,,
F9,4/29/21,1995,N370FR,LAS,1505,1511,108,114,6,1533,22,0,0,0,0,0,,,,,,,,,,,,,
F9,4/29/21,382,N349FR,DEN,1931,1926,103,135,-5,1938,12,0,0,27,0,0,,,,,,,,,,,,,
F9,5/2/21,1995,N328FR,LAS,1822,1809,108,106,-13,1824,15,0,0,0,0,0,,,,,,,,,,,,,
F9,5/2/21,382,N362FR,DEN,1933,1931,103,105,-2,1946,15,0,0,0,0,0,,,,,,,,,,,,,
F9,5/4/21,382,N372FR,DEN,1917,1917,103,129,0,1951,34,0,0,26,0,0,,,,,,,,,,,,,
F9,5/5/21,1454,N213FR,ORD,1030,1014,189,169,-16,1029,15,0,0,0,0,0,,,,,,,,,,,,,
F9,5/6/21,1995,N379FR,LAS,1423,1417,106,108,-6,1428,11,0,0,0,0,0,,,,,,,,,,,,,
F9,5/6/21,382,N312FR,DEN,1806,1758,115,108,-8,1814,16,0,0,0,0,0,,,,,,,,,,,,,
F9,5/9/21,382,N236FR,DEN,1755,1752,114,110,-3,1808,16,0,0,0,0,0,,,,,,,,,,,,,
F9,5/9/21,1995,N309FR,LAS,1919,1906,106,117,-13,1925,19,0,0,0,0,0,,,,,,,,,,,,,
F9,5/11/21,382,N301FR,DEN,1913,1913,119,105,0,1926,13,0,0,0,0,0,,,,,,,,,,,,,
F9,5/13/21,382,N232FR,DEN,1751,1744,114,99,-7,1755,11,0,0,0,0,0,,,,,,,,,,,,,
F9,5/13/21,1995,N207FR,LAS,1925,1946,106,102,21,1956,10,9,0,8,0,0,,,,,,,,,,,,,
F9,5/16/21,382,N304FR,DEN,1806,1755,115,104,-11,1810,15,0,0,0,0,0,,,,,,,,,,,,,
F9,5/16/21,1995,N371FR,LAS,1919,1906,106,108,-13,1920,14,0,0,0,0,0,,,,,,,,,,,,,
F9,5/18/21,382,N344FR,DEN,1913,1909,119,109,-4,1919,10,0,0,0,0,0,,,,,,,,,,,,,
F9,5/20/21,382,N374FR,DEN,1750,1746,114,141,-4,1811,25,0,0,23,0,0,,,,,,,,,,,,,
F9,5/20/21,1995,N377FR,LAS,1925,1914,106,129,-11,1940,26,0,0,0,0,0,,,,,,,,,,,,,
F9,5/23/21,382,N210FR,DEN,1806,1900,115,107,54,1914,14,15,0,27,0,4,,,,,,,,,,,,,
F9,5/23/21,1995,N365FR,LAS,1919,1917,106,126,-2,1945,28,0,0,18,0,0,,,,,,,,,,,,,
F9,5/25/21,382,N326FR,DEN,1913,1910,119,121,-3,1930,20,0,0,0,0,0,,,,,,,,,,,,,
F9,5/26/21,1454,N344FR,ORD,1530,1517,189,182,-13,1533,16,0,0,0,0,0,,,,,,,,,,,,,
F9,5/27/21,382,N205FR,DEN,1750,1749,114,105,-1,1807,18,0,0,0,0,0,,,,,,,,,,,,,
F9,5/27/21,1995,N326FR,LAS,1925,1917,106,107,-8,1929,12,0,0,0,0,0,,,,,,,,,,,,,
F9,5/29/21,1454,N373FR,ORD,910,859,189,190,-11,912,13,0,0,0,0,0,,,,,,,,,,,,,
F9,5/30/21,382,N374FR,DEN,1806,1904,115,112,58,1928,24,0,39,10,0,6,,,,,,,,,,,,,
F9,5/30/21,1995,N369FR,LAS,1919,1912,106,109,-7,1921,9,0,0,0,0,0,,,,,,,,,,,,,
F9,6/1/21,382,N352FR,DEN,1913,1909,119,123,-4,1932,23,0,0,0,0,0,,,,,,,,,,,,,
F9,6/2/21,1454,N349FR,ORD,1530,1516,189,189,-14,1535,19,0,0,0,0,0,,,,,,,,,,,,,
F9,6/3/21,382,N230FR,DEN,1750,1738,114,108,-12,1752,14,0,0,0,0,0,,,,,,,,,,,,,
F9,6/3/21,1995,N373FR,LAS,1925,1957,106,98,32,2012,15,0,0,0,0,24,,,,,,,,,,,,,
F9,6/5/21,1454,N358FR,ORD,910,845,189,187,-25,857,12,0,0,0,0,0,,,,,,,,,,,,,
F9,6/6/21,382,N201FR,DEN,1806,1930,115,112,84,1950,20,0,0,81,0,0,,,,,,,,,,,,,
F9,6/6/21,1995,N329FR,LAS,1919,2028,106,101,69,2041,13,0,0,0,0,64,,,,,,,,,,,,,
F9,6/8/21,382,N309FR,DEN,1913,1910,119,104,-3,1924,14,0,0,0,0,0,,,,,,,,,,,,,
F9,6/11/21,382,N362FR,DEN,1545,1542,115,108,-3,1555,13,0,0,0,0,0,,,,,,,,,,,,,
F9,6/11/21,1454,N373FR,ORD,1714,1701,189,182,-13,1714,13,0,0,0,0,0,,,,,,,,,,,,,
F9,6/11/21,1997,N362FR,LAS,2108,2050,106,116,-18,2115,25,0,0,0,0,0,,,,,,,,,,,,,
F9,6/12/21,1995,N372FR,LAS,1545,1529,106,110,-16,1543,14,0,0,0,0,0,,,,,,,,,,,,,
F9,6/14/21,382,N370FR,DEN,1045,1045,114,112,0,1058,13,0,0,0,0,0,,,,,,,,,,,,,
F9,6/14/21,1995,N370FR,LAS,1607,1556,106,104,-11,1610,14,0,0,0,0,0,,,,,,,,,,,,,
F9,6/14/21,1454,N364FR,ORD,2009,1951,189,203,-18,2017,26,0,0,0,0,0,,,,,,,,,,,,,
F9,6/16/21,382,N233FR,DEN,1149,1139,115,109,-10,1154,15,0,0,0,0,0,,,,,,,,,,,,,
F9,6/18/21,382,N304FR,DEN,1545,1532,115,116,-13,1547,15,0,0,0,0,0,,,,,,,,,,,,,
F9,6/18/21,1454,N368FR,ORD,1714,1721,189,200,7,1739,18,7,0,11,0,0,,,,,,,,,,,,,
F9,6/18/21,1997,N304FR,LAS,2108,2130,106,110,22,2146,16,0,0,26,0,0,,,,,,,,,,,,,
F9,6/19/21,1995,N375FR,LAS,1545,1536,106,114,-9,1602,26,0,0,0,0,0,,,,,,,,,,,,,
F9,6/21/21,382,N380FR,DEN,1045,1051,114,115,6,1103,12,0,0,0,0,0,,,,,,,,,,,,,
F9,6/21/21,1995,N380FR,LAS,1607,1611,106,105,4,1624,13,0,0,0,0,0,,,,,,,,,,,,,
F9,6/21/21,1454,N368FR,ORD,2009,2026,189,183,17,2043,17,0,0,0,0,0,,,,,,,,,,,,,
F9,6/23/21,382,N342FR,DEN,1149,1146,115,109,-3,1202,16,0,0,0,0,0,,,,,,,,,,,,,
F9,6/25/21,382,N342FR,DEN,1545,1817,115,127,152,1835,18,3,0,13,0,148,,,,,,,,,,,,,
F9,6/25/21,1454,N367FR,ORD,1714,1708,189,200,-6,1733,25,0,0,0,0,0,,,,,,,,,,,,,
F9,6/25/21,1997,N301FR,LAS,2108,2255,106,138,107,2314,19,0,0,32,0,107,,,,,,,,,,,,,
F9,6/26/21,1995,N335FR,LAS,1545,1630,106,105,45,1644,14,0,0,0,0,44,,,,,,,,,,,,,
F9,6/28/21,382,N326FR,DEN,1045,1046,114,110,1,1102,16,0,0,0,0,0,,,,,,,,,,,,,
F9,6/28/21,1995,N371FR,LAS,1607,1625,106,159,18,1728,63,11,0,60,0,0,,,,,,,,,,,,,
F9,6/28/21,1454,N227FR,ORD,2009,1959,189,168,-10,2011,12,0,0,0,0,0,,,,,,,,,,,,,
F9,6/30/21,382,N304FR,DEN,1149,1144,115,108,-5,1205,21,0,0,0,0,0,,,,,,,,,,,,,
F9,7/2/21,382,N380FR,DEN,1545,1623,115,113,38,1634,11,0,0,10,0,26,,,,,,,,,,,,,
F9,7/2/21,1454,N376FR,ORD,1714,1719,189,185,5,1731,12,0,0,0,0,0,,,,,,,,,,,,,
F9,7/2/21,1997,N380FR,LAS,2108,2120,106,100,12,2131,11,0,0,0,0,0,,,,,,,,,,,,,
F9,7/3/21,1995,N343FR,LAS,1545,1539,106,122,-6,1613,34,0,0,0,0,0,,,,,,,,,,,,,
F9,7/5/21,382,N233FR,DEN,1045,1042,117,110,-3,1053,11,0,0,0,0,0,,,,,,,,,,,,,
F9,7/5/21,1995,N233FR,LAS,1607,1603,107,129,-4,1621,18,0,0,18,0,0,,,,,,,,,,,,,
F9,7/5/21,1454,N360FR,ORD,1719,1715,197,186,-4,1730,15,0,0,0,0,0,,,,,,,,,,,,,
F9,7/7/21,382,N318FR,DEN,1149,1145,120,110,-4,1201,16,0,0,0,0,0,,,,,,,,,,,,,
F9,7/9/21,382,N317FR,DEN,1545,1650,119,114,65,1701,11,4,0,0,0,56,,,,,,,,,,,,,
F9,7/9/21,1454,N233FR,ORD,1714,1847,197,182,93,1902,15,16,0,0,0,62,,,,,,,,,,,,,
F9,7/9/21,1997,N317FR,LAS,2112,2210,107,106,58,2222,12,0,0,0,0,57,,,,,,,,,,,,,
F9,7/10/21,1995,N376FR,LAS,1545,1606,107,128,21,1622,16,1,0,28,0,13,,,,,,,,,,,,,
F9,7/12/21,382,N331FR,DEN,1045,1042,117,107,-3,1055,13,0,0,0,0,0,,,,,,,,,,,,,
F9,7/12/21,1995,N331FR,LAS,1607,1555,107,144,-12,1609,14,0,0,25,0,0,,,,,,,,,,,,,
F9,7/12/21,1454,N202FR,ORD,1719,1710,197,184,-9,1718,8,0,0,0,0,0,,,,,,,,,,,,,
F9,7/14/21,382,N380FR,DEN,1149,1139,120,111,-10,1151,12,0,0,0,0,0,,,,,,,,,,,,,
F9,7/16/21,382,N330FR,DEN,1545,1540,119,116,-5,1554,14,0,0,0,0,0,,,,,,,,,,,,,
F9,7/16/21,1454,N363FR,ORD,1714,1715,197,198,1,1731,16,0,0,0,0,0,,,,,,,,,,,,,
F9,7/16/21,1997,N330FR,LAS,2112,2211,107,120,59,2240,29,59,0,13,0,0,,,,,,,,,,,,,
F9,7/17/21,1995,N202FR,LAS,1545,1548,107,108,3,1603,15,0,0,0,0,0,,,,,,,,,,,,,
F9,7/19/21,382,N236FR,DEN,1045,1039,117,108,-6,1050,11,0,0,0,0,0,,,,,,,,,,,,,
F9,7/19/21,1995,N236FR,LAS,1607,1607,107,110,0,1620,13,0,0,0,0,0,,,,,,,,,,,,,
F9,7/19/21,1454,N375FR,ORD,1719,1737,197,192,18,1748,11,0,0,0,0,0,,,,,,,,,,,,,
F9,7/21/21,382,N228FR,DEN,1149,1143,120,110,-6,1156,13,0,0,0,0,0,,,,,,,,,,,,,
F9,7/23/21,382,N304FR,DEN,1545,1654,119,111,69,1712,18,0,49,10,0,2,,,,,,,,,,,,,
F9,7/23/21,1454,N371FR,ORD,1714,1743,197,184,29,1801,18,0,9,0,0,7,,,,,,,,,,,,,
F9,7/23/21,1997,N304FR,LAS,2112,2201,107,148,49,2213,12,0,0,41,0,49,,,,,,,,,,,,,
F9,7/24/21,1995,N350FR,LAS,1545,1535,107,108,-10,1553,18,0,0,0,0,0,,,,,,,,,,,,,
F9,7/26/21,382,N324FR,DEN,1045,1040,117,122,-5,1056,16,0,0,0,0,0,,,,,,,,,,,,,
F9,7/26/21,1995,N351FR,LAS,1607,1603,107,108,-4,1621,18,0,0,0,0,0,,,,,,,,,,,,,
F9,7/26/21,1454,N235FR,ORD,1719,257,197,190,578,307,10,0,0,0,0,571,,,,,,,,,,,,,
F9,7/28/21,382,N348FR,DEN,1149,1149,120,113,0,1203,14,0,0,0,0,0,,,,,,,,,,,,,
F9,7/30/21,382,N331FR,DEN,1545,1553,119,106,8,1604,11,0,0,0,0,0,,,,,,,,,,,,,
F9,7/30/21,1454,N309FR,ORD,1714,1707,197,210,-7,1719,12,0,0,0,0,0,,,,,,,,,,,,,
F9,7/30/21,1997,N331FR,LAS,2112,2139,107,136,27,2202,23,0,0,51,0,5,,,,,,,,,,,,,
F9,7/31/21,1995,N313FR,LAS,1545,1606,107,112,21,1624,18,1,0,11,0,14,,,,,,,,,,,,,
F9,8/2/21,382,N210FR,DEN,1045,1038,117,109,-7,1051,13,0,0,0,0,0,,,,,,,,,,,,,
F9,8/2/21,1995,N366FR,LAS,1607,1604,107,123,-3,1628,24,0,0,0,0,0,,,,,,,,,,,,,
F9,8/2/21,1454,N211FR,ORD,1719,1738,197,176,19,1749,11,0,0,0,0,0,,,,,,,,,,,,,
F9,8/4/21,382,N334FR,DEN,1149,1149,120,110,0,1202,13,0,0,0,0,0,,,,,,,,,,,,,
F9,8/6/21,382,N343FR,DEN,1545,1658,119,115,73,1711,13,0,0,65,0,4,,,,,,,,,,,,,
F9,8/6/21,1454,N383FR,ORD,1714,1745,193,213,31,1800,15,31,0,20,0,0,,,,,,,,,,,,,
F9,8/6/21,1997,N343FR,LAS,2112,2220,107,111,68,2234,14,0,0,10,0,62,,,,,,,,,,,,,
F9,8/7/21,1995,N334FR,LAS,1545,1540,111,105,-5,1557,17,0,0,0,0,0,,,,,,,,,,,,,
F9,8/9/21,382,N210FR,DEN,1045,1111,117,112,26,1126,15,0,0,21,0,0,,,,,,,,,,,,,
F9,8/9/21,1995,N210FR,LAS,1607,1633,107,106,26,1648,15,4,0,0,0,21,,,,,,,,,,,,,
F9,8/9/21,1454,,ORD,1719,000,193,0,0,000,0,0,0,0,0,0,,,,,,,,,,,,,
F9,8/11/21,382,N336FR,DEN,1149,1142,120,119,-7,1203,21,0,0,0,0,0,,,,,,,,,,,,,
F9,8/13/21,1454,N360FR,ORD,1531,1534,193,184,3,1556,22,0,0,0,0,0,,,,,,,,,,,,,
F9,8/13/21,382,N334FR,DEN,1636,1923,119,111,167,1938,15,13,0,0,0,146,,,,,,,,,,,,,
F9,8/13/21,1997,N205FR,LAS,2202,246,107,105,284,258,12,31,0,0,0,251,,,,,,,,,,,,,
F9,8/14/21,1995,N378FR,LAS,1545,1616,111,128,31,1630,14,0,0,29,0,19,,,,,,,,,,,,,
F9,8/16/21,382,N326FR,DEN,1108,1129,120,108,21,1146,17,0,0,0,0,0,,,,,,,,,,,,,
F9,8/16/21,1454,,ORD,1531,000,193,0,0,000,0,0,0,0,0,0,,,,,,,,,,,,,
F9,8/16/21,1995,N326FR,LAS,1637,1647,107,143,10,1700,13,10,0,36,0,0,,,,,,,,,,,,,
F9,8/18/21,382,N372FR,DEN,1149,1146,120,100,-3,1201,15,0,0,0,0,0,,,,,,,,,,,,,
F9,8/20/21,1454,N323FR,ORD,1531,1524,193,173,-7,1535,11,0,0,0,0,0,,,,,,,,,,,,,
F9,8/20/21,382,N349FR,DEN,1636,1707,119,111,31,1728,21,5,0,2,0,16,,,,,,,,,,,,,
F9,8/20/21,1997,N349FR,LAS,2202,2226,107,106,24,2240,14,3,0,0,0,20,,,,,,,,,,,,,
F9,8/23/21,382,N206FR,DEN,1108,1121,120,111,13,1138,17,0,0,0,0,0,,,,,,,,,,,,,
F9,8/23/21,1995,N376FR,LAS,1637,1627,107,111,-10,1644,17,0,0,0,0,0,,,,,,,,,,,,,
F9,8/25/21,382,N301FR,DEN,1149,1139,120,113,-10,1152,13,0,0,0,0,0,,,,,,,,,,,,,
F9,8/27/21,382,N359FR,DEN,1636,1721,119,114,45,1741,20,0,19,0,0,21,,,,,,,,,,,,,
F9,8/27/21,1997,N359FR,LAS,2202,2233,107,103,31,2245,12,0,0,0,0,27,,,,,,,,,,,,,
F9,8/30/21,382,N367FR,DEN,1108,1101,120,99,-7,1110,9,0,0,0,0,0,,,,,,,,,,,,,
F9,8/30/21,1995,N367FR,LAS,1637,1617,107,132,-20,1632,15,0,0,0,0,0,,,,,,,,,,,,,
,,,,,,,,,,,,,,,,,,,,,,,,,,,,,
 SOURCE Bureau of Transportation Statistics,,,,,,,,,,,,,,,,,,,,,,,,,,,,,